<?xml version="1.0" encoding="UTF-8"?>
<project-private xmlns="http://www.netbeans.org/ns/project-private/1">
    <editor-bookmarks xmlns="http://www.netbeans.org/ns/editor-bookmarks/2" lastBookmarkId="0"/>
    <open-files xmlns="http://www.netbeans.org/ns/projectui-open-files/2">
        <group>
            <file>file:/C:/Users/CASA/Documents/EGG/Guia%2011/Gui12EjEx1/src/Service/BarcoService.java</file>
            <file>file:/C:/Users/CASA/Documents/EGG/Guia%2011/Gui12EjEx1/src/gui12ejex1/Gui12EjEx1.java</file>
        </group>
    </open-files>
</project-private>
